{"itinerary":[{"date":"2023-07-08","price":"20","guideId":"guide","location":"roma","id":"1","time":"10:00","steps":"colosseo - pantheon - piazza navona","participants":"30"},{"date":"2023-07-08","price":"25","guideId":"guide","location":"roma","id":"2","time":"10:00","steps":"piazza navona - pantheon - altare della patria","participants":"30"},{"date":"2023-07-07","price":"20","guideId":"guide","location":"roma","id":"3","time":"10:00","steps":"piazza navona - pantheon - altare della patria","participants":"30"},{"date":"2023-07-08","price":"20","guideId":"guide","location":"roma","id":"4","time":"10:00","steps":"piazza navona - pantheon - altare della patria","participants":"30"},{"date":"2023-07-08","price":"20","guideId":"guide","location":"roma","id":"5","time":"10:00","steps":"piazza navona - pantheon - altare della patria","participants":"30"},{"date":"2023-07-08","price":"20","guideId":"guide","location":"roma","id":"6","time":"10:00","steps":"piazza navona - pantheon - altare della patria","participants":"30"},{"date":"2023-07-08","price":"20","guideId":"guide","location":"roma","id":"7","time":"10:00","steps":"piazza navona - pantheon - altare della patria","participants":"30"},{"date":"2023-07-08","price":"20","guideId":"guide","location":"roma","id":"8","time":"10:00","steps":"piazza navona - pantheon - altare della patria","participants":"30"}]}