{"saved_itinerary":[{"id":"2","steps":"piazza navona - pantheon - altare della patria","username":"user"},{"id":"1","steps":"Altare della Patria\/Sacrario delle Bandiere delle Forze Armate\/Monumento celebrativo del \"Bicentenario dei Carabinieri\"\/Piazza di San Silvestro\/Monumento a Goethe\/Statua Equestre di Vittorio Emanuele II","username":"user"},{"id":"0","steps":"Monumento a Goethe\/Obelisco della Minerva\/Monumento celebrativo del \"Bicentenario dei Carabinieri\"\/Statua Equestre di Vittorio Emanuele II\/Pantheon\/Obelisco Flaminio","username":"user"},{"id":"0","steps":"Cordonata Capitolina\/Galleria Doria Pamphilj\/Altare della Patria\/Sacrario delle Bandiere delle Forze Armate\/Statue dei DioscuriAltare della Patria","username":"user"},{"id":"0","steps":"Monumento a Quintino Sella\/Monumento a Goethe\/Galleria Doria PamphiljMonumento a Quintino Sella\/Monumento a José Gervasio ArtigasMonumento a José Gervasio Artigas","username":"user"},{"id":"0","steps":"Pantheon\/Monumento a José Gervasio Artigas\/Colonna di Marco AurelioColonna di Marco Aurelio\/Altare della Patria\/Scalinata di Trinità dei Monti","username":"guide"},{"id":"1","steps":"piazza navona - pantheon - altare della patria","username":"guide"},{"id":"3","steps":"Monumento a GoetheMonumento a Goethe\/Fontana della Dea Roma\/Obelisco Flaminio\/Statua Equestre di Vittorio Emanuele II\/Obelisco della Minerva","username":"guide"}]}