{"tourist_guide":[{"profile_picture_path":"","identification_code":"123456","surname":"guide","name":"guide","username":"guide"},{"profile_picture_path":"","identification_code":"123456","surname":"guide","name":"guide","username":"guide"},{"profile_picture_path":"","identification_code":"123456","surname":"guide","name":"guide","username":"guide"},{"profile_picture_path":"","identification_code":"123456","surname":"guide","name":"guide","username":"guide"},{"profile_picture_path":"","identification_code":"123456","surname":"guide","name":"guide","username":"guide"},{"profile_picture_path":"","identification_code":"123456","surname":"guide","name":"guide","username":"guide"},{"profile_picture_path":"","identification_code":"123456","surname":"guide","name":"guide","username":"guide"},{"name":"guide","profile_picture_path":"","identification_code":"123456","surname":"guide","username":"guide"}]}