{"user":[{"profile_picture_path":"","surname":"user","name":"user","username":"user"},{"profile_picture_path":"","surname":"user","name":"user","username":"user"},{"profile_picture_path":"","surname":"user","name":"user","username":"user"},{"profile_picture_path":"","surname":"user","name":"usr","username":"usr"},{"profile_picture_path":"","surname":"user","name":"user","username":"user"},{"profile_picture_path":"","surname":"user","name":"user","username":"user"},{"profile_picture_path":"","surname":"user","name":"user","username":"user"},{"name":"user","profile_picture_path":"","surname":"user","username":"user"}]}